Coin Code,Exchange,Market,Buy,Sell,Last,Volume
42,CRYPTSY,BTC,74.33073372,74.33073372,0.06629455,74.33073372

Coin Code,Exchange,Market,Buy,Sell,Last,Volume
ADT,CRYPTSY,LTC,1.8E-7,1.8E-7,3.927859117563783E7,1.8E-7

Coin Code,Exchange,Market,Buy,Sell,Last,Volume
ALF,CRYPTSY,BTC,1.58E-6,1.58E-6,89155.50104255,1.58E-6

Coin Code,Exchange,Market,Buy,Sell,Last,Volume
AMC,CRYPTSY,BTC,2.26E-6,2.26E-6,199144.34828476,2.26E-6

Coin Code,Exchange,Market,Buy,Sell,Last,Volume
ANC,CRYPTSY,BTC,0.00145217,0.00145217,8355.05398167,0.00145217
ANC,CRYPTSY,LTC,0.06089113,0.06089113,1221.48267538,0.06089113
ANC,COINEX,BTC,0.2,0.2,5.08458274E8,150000.0

Coin Code,Exchange,Market,Buy,Sell,Last,Volume
ARG,CRYPTSY,BTC,4.703E-5,4.703E-5,8609.69564682,4.703E-5

Coin Code,Exchange,Market,Buy,Sell,Last,Volume
ASC,CRYPTSY,LTC,1.084E-5,1.084E-5,6810947.35481466,1.084E-5
ASC,COINEX,BTC,0.2,0.2,1.0654526011933E13,21.0
ASC,COINEX,DOGE,0.2,0.2,3.40582559321E12,1.9060572E7
ASC,COINEX,LTC,0.2,0.2,4.278870568908E12,1161.0

Coin Code,Exchange,Market,Buy,Sell,Last,Volume
AUR,CRYPTSY,BTC,0.0028401,0.0028401,48954.84472382,0.0028401
AUR,CRYPTSY,LTC,0.1187149,0.1187149,2678.73246575,0.1187149
AUR,BTER,BTC,0.00286,0.00301998,3070.794,0.00301999

Coin Code,Exchange,Market,Buy,Sell,Last,Volume
BAT,CRYPTSY,LTC,2.4E-7,2.4E-7,1.7935768812766528E8,2.4E-7
BAT,CRYPTSY,BTC,1.0E-8,1.0E-8,5.508797869660679E7,1.0E-8

Coin Code,Exchange,Market,Buy,Sell,Last,Volume
BC,CRYPTSY,BTC,9.509E-5,9.509E-5,490604.84351798,9.509E-5
BC,BTER,BTC,9.41E-5,9.521E-5,64781.2,9.41E-5

Coin Code,Exchange,Market,Buy,Sell,Last,Volume
BCX,CRYPTSY,BTC,5.66E-6,5.66E-6,261712.36109573,5.66E-6

Coin Code,Exchange,Market,Buy,Sell,Last,Volume
BEN,CRYPTSY,BTC,1.7E-5,1.7E-5,1145.63811587,1.7E-5

Coin Code,Exchange,Market,Buy,Sell,Last,Volume
BET,CRYPTSY,BTC,6.86E-6,6.86E-6,146194.50022926,6.86E-6
BET,COINEX,LTC,0.2,0.2,3.798980663E10,11650.0
BET,COINEX,BTC,0.2,0.2,1.03232650405E11,580.0

Coin Code,Exchange,Market,Buy,Sell,Last,Volume
BFC,COINEX,BTC,0.2,0.2,2.0E8,48.0

Coin Code,Exchange,Market,Buy,Sell,Last,Volume
BOC,COINEX,LTC,0.2,0.2,1.998E10,363.0
BOC,COINEX,BTC,0.2,0.2,3.09328284298E11,65.0

Coin Code,Exchange,Market,Buy,Sell,Last,Volume
BQC,CRYPTSY,BTC,1.101E-5,1.101E-5,69069.05493815,1.101E-5
BQC,BTER,BTC,1.081E-5,1.277E-5,251458.45,1.25E-5
BQC,BTER,CNY,0.029,0.0327,318815.835,0.029

Coin Code,Exchange,Market,Buy,Sell,Last,Volume
BTB,CRYPTSY,BTC,0.042,0.042,20.91945648,0.042
BTB,BTER,BTC,0.0437,0.04383,45.8628,0.04377
BTB,BTER,CNY,98.14,111.97,11.647,91.52

Coin Code,Exchange,Market,Buy,Sell,Last,Volume
BTC,CRYPTSY,USD,0.0,0.0,0.0,0.0
BTC,BTER,CNY,2331.0,2351.98,426.4301,2335.0
BTC,BITTREX,10-5,9.0E-6,9.0E-6,141.0,9.0E-6
BTC,BITTREX,365,2.79,2.79,1.15614341,2.79
BTC,BITTREX,888,8.1E-6,8.1E-6,121059.26982682,8.1E-6
BTC,BITTREX,AAA,0.36411,0.36411,-1.0,0.36411
BTC,BITTREX,APH,7.1E-7,7.1E-7,1200256.77661453,7.1E-7
BTC,BITTREX,AUR,0.0023,0.0023,4.89732102,0.0023
BTC,BITTREX,BC,9.3E-5,9.3E-5,2696.38954853,9.3E-5
BTC,BITTREX,BEA,1.07E-5,1.07E-5,-1.0,1.07E-5
BTC,BITTREX,BELA,5.0E-7,5.0E-7,5468.59488508,5.0E-7
BTC,BITTREX,BELI,1.0E-8,1.0E-8,1000000.0,1.0E-8
BTC,BITTREX,BLTZ,1.16E-6,1.16E-6,2192822.23030527,1.16E-6
BTC,BITTREX,BNS,3.0E-8,3.0E-8,200490.50114118,3.0E-8
BTC,BITTREX,BONES,2.05E-6,2.05E-6,100.95692365,2.05E-6
BTC,BITTREX,BTL,4.1E-6,4.1E-6,257391.05310226,4.1E-6
BTC,BITTREX,C2,8.0E-6,8.0E-6,13843.60570494,8.0E-6
BTC,BITTREX,CAT,7.0E-5,7.0E-5,-1.0,7.0E-5
BTC,BITTREX,CATC,9.5E-5,9.5E-5,7958.02423307,9.5E-5
BTC,BITTREX,CESC,2.0E-6,2.0E-6,223323.26483007,2.0E-6
BTC,BITTREX,CGA,0.00115,0.00115,-1.0,0.00115
BTC,BITTREX,CGB,0.00265,0.00265,-1.0,0.00265
BTC,BITTREX,COMM,-1.0,-1.0,-1.0,-1.0
BTC,BITTREX,DIME,1.0E-8,1.0E-8,-1.0,1.0E-8
BTC,BITTREX,DOGE,9.3E-7,9.3E-7,2047506.94537931,9.3E-7
BTC,BITTREX,DRK,0.00125,0.00125,19.01857172,0.00125
BTC,BITTREX,EAC,6.0E-8,6.0E-8,-1.0,6.0E-8
BTC,BITTREX,ECC,4.0E-8,4.0E-8,2364894.11173226,4.0E-8
BTC,BITTREX,EFL,1.8001E-4,1.8001E-4,48331.35381844,1.8001E-4
BTC,BITTREX,EMC2,4.12E-6,4.12E-6,19467.27254817,4.12E-6
BTC,BITTREX,EXE,7.0E-5,7.0E-5,158.57738089,7.0E-5
BTC,BITTREX,FAC,3.0E-5,3.0E-5,44.94,3.0E-5
BTC,BITTREX,FLT,2.0E-6,2.0E-6,3010.865,2.0E-6
BTC,BITTREX,FRX,1.0E-8,1.0E-8,-1.0,1.0E-8
BTC,BITTREX,FTC,2.5E-5,2.5E-5,90.4,2.5E-5
BTC,BITTREX,GAC,2.6E-6,2.6E-6,57077.25001184,2.6E-6
BTC,BITTREX,GER,2.02E-5,2.02E-5,34849.79419434,2.02E-5
BTC,BITTREX,GLD,4.5E-5,4.5E-5,-1.0,4.5E-5
BTC,BITTREX,GPUC,5.0E-8,5.0E-8,430248.9476109,5.0E-8
BTC,BITTREX,GRCE,1.2E-5,1.2E-5,5188.17660604,1.2E-5
BTC,BITTREX,GRS,8.41E-6,8.41E-6,41825.60203285,8.41E-6
BTC,BITTREX,H2O,3.6E-7,3.6E-7,63000.22856727,3.6E-7
BTC,BITTREX,HIC,2.0E-6,2.0E-6,331882.75689173,2.0E-6
BTC,BITTREX,HIRO,6.65E-6,6.65E-6,775.43784204,6.65E-6
BTC,BITTREX,HKC,8.0E-8,8.0E-8,7357137.6838608,8.0E-8
BTC,BITTREX,HPC,1.1E-6,1.1E-6,-1.0,1.1E-6
BTC,BITTREX,ICN,8.8E-6,8.8E-6,81.35923584,8.8E-6
BTC,BITTREX,IFC,4.0E-8,4.0E-8,-1.0,4.0E-8
BTC,BITTREX,IPC,1.0E-7,1.0E-7,3215.00856197,1.0E-7
BTC,BITTREX,IQD,1.88E-4,1.88E-4,-1.0,1.88E-4
BTC,BITTREX,ISR,5.3154E-4,5.3154E-4,400663.23403383,5.3154E-4
BTC,BITTREX,JBG,3.0E-7,3.0E-7,2000.0,3.0E-7
BTC,BITTREX,KARM,1.0E-8,1.0E-8,11543.0,1.0E-8
BTC,BITTREX,KMC,3.5E-7,3.5E-7,626692.5488587,3.5E-7
BTC,BITTREX,LGD,-1.0,-1.0,-1.0,-1.0
BTC,BITTREX,LTC,0.024,0.024,185.1320878,0.024
BTC,BITTREX,MEOW,3.0E-8,3.0E-8,-1.0,3.0E-8
BTC,BITTREX,MINT,1.4E-7,1.4E-7,1060275.20609044,1.4E-7
BTC,BITTREX,MMC,1.55E-4,1.55E-4,3347.07203885,1.55E-4
BTC,BITTREX,MPL,6.0E-8,6.0E-8,507796.55299746,6.0E-8
BTC,BITTREX,MRS,3.19E-5,3.19E-5,-1.0,3.19E-5
BTC,BITTREX,MUN,7.497E-5,7.497E-5,17692.68059786,7.497E-5
BTC,BITTREX,MYR,7.0E-6,7.0E-6,1209.32287722,7.0E-6
BTC,BITTREX,MZC,2.25E-6,2.25E-6,-1.0,2.25E-6
BTC,BITTREX,NLG,2.86E-6,2.86E-6,9109812.65593184,2.86E-6
BTC,BITTREX,NXT,6.5E-5,6.5E-5,-1.0,6.5E-5
BTC,BITTREX,NYC,1.0E-8,1.0E-8,-1.0,1.0E-8
BTC,BITTREX,PAWN,1.999E-5,1.999E-5,47094.29255283,1.999E-5
BTC,BITTREX,PCC,1.0E-6,1.0E-6,29725.42659243,1.0E-6
BTC,BITTREX,PCN,1.2E-7,1.2E-7,628016.18407115,1.2E-7
BTC,BITTREX,PLNC,1.481E-5,1.481E-5,23288.31986106,1.481E-5
BTC,BITTREX,POT,2.4E-5,2.4E-5,10468.84387438,2.4E-5
BTC,BITTREX,PPC,0.0043,0.0043,-1.0,0.0043
BTC,BITTREX,PT,4.0E-7,4.0E-7,-1.0,4.0E-7
BTC,BITTREX,PTC,5.2E-5,5.2E-5,20512.54834479,5.2E-5
BTC,BITTREX,Q2C,3.96E-6,3.96E-6,-1.0,3.96E-6
BTC,BITTREX,RBY,5.0E-6,5.0E-6,1209.38158324,5.0E-6
BTC,BITTREX,RDD,5.0E-8,5.0E-8,2208.16666667,5.0E-8
BTC,BITTREX,RT2,0.00538,0.00538,54.02213005,0.00538
BTC,BITTREX,SBC,5.2E-6,5.2E-6,-1.0,5.2E-6
BTC,BITTREX,SHA,3.8E-7,3.8E-7,118906.4508,3.8E-7
BTC,BITTREX,SHC,0.01,0.01,2.21E-6,0.01
BTC,BITTREX,SLR,8.75E-6,8.75E-6,24745.9505024,8.75E-6
BTC,BITTREX,SPA,3.3E-5,3.3E-5,418.5304112,3.3E-5
BTC,BITTREX,SPH,9.0E-7,9.0E-7,4159.24739346,9.0E-7
BTC,BITTREX,SRR,2.1E-6,2.1E-6,12119.1017062,2.1E-6
BTC,BITTREX,STD,8.9E-6,8.9E-6,1309.40070302,8.9E-6
BTC,BITTREX,STY,2.6E-7,2.6E-7,-1.0,2.6E-7
BTC,BITTREX,SYN,5.0E-7,5.0E-7,-1.0,5.0E-7
BTC,BITTREX,UTC,7.0E-4,7.0E-4,-1.0,7.0E-4
BTC,BITTREX,VTC,0.00257,0.00257,1.46195719,0.00257
BTC,BITTREX,WATER,1.4E-7,1.4E-7,1.394996819314815E7,1.4E-7
BTC,BITTREX,WDC,8.5E-5,8.5E-5,2.01023529,8.5E-5
BTC,BITTREX,XSV,1.5E-4,1.5E-4,2927.40239418,1.5E-4
BTC,BITTREX,ZEIT,3.0E-8,3.0E-8,-1.0,3.0E-8

Coin Code,Exchange,Market,Buy,Sell,Last,Volume
BTE,CRYPTSY,BTC,3.785E-5,3.785E-5,13195.77823095,3.785E-5
BTE,COINEX,BTC,0.2,0.2,9.650319238E10,4680.0

Coin Code,Exchange,Market,Buy,Sell,Last,Volume
BTG,CRYPTSY,BTC,0.003033,0.003033,6.51946968,0.003033

Coin Code,Exchange,Market,Buy,Sell,Last,Volume
BTQ,BTER,CNY,0.56,0.6,11879.61,0.57

Coin Code,Exchange,Market,Buy,Sell,Last,Volume
BUK,CRYPTSY,BTC,1.1387E-4,1.1387E-4,2871.48605466,1.1387E-4
BUK,BTER,BTC,6.0E-5,1.13E-4,0.0,0.0

Coin Code,Exchange,Market,Buy,Sell,Last,Volume
C2,BTER,BTC,2.75E-6,4.13E-6,0.0,1.67E-5

Coin Code,Exchange,Market,Buy,Sell,Last,Volume
CACH,CRYPTSY,BTC,6.8181E-4,6.8181E-4,1411.60279832,6.8181E-4

Coin Code,Exchange,Market,Buy,Sell,Last,Volume
CAP,CRYPTSY,BTC,9.53E-6,9.53E-6,215931.13979654,9.53E-6
CAP,COINEX,BTC,0.2,0.2,5.18292928001E11,1199.0

Coin Code,Exchange,Market,Buy,Sell,Last,Volume
CASH,CRYPTSY,BTC,1.5E-5,1.5E-5,9324.17058477,1.5E-5

Coin Code,Exchange,Market,Buy,Sell,Last,Volume
CAT,CRYPTSY,BTC,7.353E-5,7.353E-5,11004.06626483,7.353E-5
CAT,COINEX,BTC,0.2,0.2,2.2193179788E10,8500.0
CAT,COINEX,LTC,0.2,0.2,8.95531048E8,30001.0
CAT,COINEX,DOGE,0.2,0.2,2.03296205E8,7.166851723E9

Coin Code,Exchange,Market,Buy,Sell,Last,Volume
CDC,BTER,BTC,3.211E-5,3.781E-5,0.0,4.238E-5

Coin Code,Exchange,Market,Buy,Sell,Last,Volume
CENT,BTER,LTC,1.0E-7,1.3E-7,8.867820931E7,1.0E-7
CENT,BTER,CNY,5.66E-6,5.96E-6,1.4356929926E9,5.66E-6

Coin Code,Exchange,Market,Buy,Sell,Last,Volume
CGB,CRYPTSY,BTC,0.00101896,0.00101896,3319.12092264,0.00101896
CGB,CRYPTSY,LTC,0.04094739,0.04094739,746.45032685,0.04094739
CGB,COINEX,BTC,0.2,0.2,1.41282163E9,100000.0

Coin Code,Exchange,Market,Buy,Sell,Last,Volume
CLR,CRYPTSY,BTC,2.21E-4,2.21E-4,7824.51623652,2.21E-4

Coin Code,Exchange,Market,Buy,Sell,Last,Volume
CMC,CRYPTSY,BTC,6.0E-5,6.0E-5,16103.65658601,6.0E-5
CMC,COINEX,BTC,0.2,0.2,5.920272E8,5510.0
CMC,BTER,CNY,0.3614,0.4,8622.081,0.3614
CMC,BTER,BTC,1.3888E-4,1.8995E-4,11.899,1.348E-4

Coin Code,Exchange,Market,Buy,Sell,Last,Volume
CNC,CRYPTSY,LTC,2.47E-4,2.47E-4,38843.77460422,2.47E-4
CNC,CRYPTSY,BTC,5.3E-6,5.3E-6,127079.44838682,5.3E-6
CNC,BTER,BTC,5.62E-6,6.0E-6,32288.558,5.62E-6
CNC,BTER,CNY,0.0138,0.015,202475.598,0.0138

Coin Code,Exchange,Market,Buy,Sell,Last,Volume
COL,CRYPTSY,LTC,5.0E-8,5.0E-8,2.4853214700986972E8,5.0E-8

Coin Code,Exchange,Market,Buy,Sell,Last,Volume
CPR,CRYPTSY,LTC,0.34333177,0.34333177,13.22973188,0.34333177

Coin Code,Exchange,Market,Buy,Sell,Last,Volume
CRC,CRYPTSY,BTC,5.011E-5,5.011E-5,4077.87787751,5.011E-5

Coin Code,Exchange,Market,Buy,Sell,Last,Volume
CSC,CRYPTSY,BTC,3.59E-6,3.59E-6,481580.76924733,3.59E-6

Coin Code,Exchange,Market,Buy,Sell,Last,Volume
CTM,CRYPTSY,LTC,6.0E-8,6.0E-8,4.690580977442738E9,6.0E-8
CTM,COINEX,BTC,0.2,0.2,4.26406E13,1.0
CTM,COINEX,LTC,0.2,0.2,6.815142133392495E15,6.0
CTM,COINEX,DOGE,0.2,0.2,1.0778452986570942E16,100000.0

Coin Code,Exchange,Market,Buy,Sell,Last,Volume
DBL,CRYPTSY,LTC,3.3914E-4,3.3914E-4,12277.91453964,3.3914E-4

Coin Code,Exchange,Market,Buy,Sell,Last,Volume
DEM,CRYPTSY,BTC,2.256E-5,2.256E-5,27894.0731557,2.256E-5
DEM,COINEX,BTC,0.2,0.2,6.20307855579E11,1960.0

Coin Code,Exchange,Market,Buy,Sell,Last,Volume
DGB,CRYPTSY,BTC,3.8E-7,3.8E-7,1.565590800457685E7,3.8E-7

Coin Code,Exchange,Market,Buy,Sell,Last,Volume
DGC,CRYPTSY,LTC,0.00281023,0.00281023,18343.06661737,0.00281023
DGC,CRYPTSY,BTC,6.679E-5,6.679E-5,347511.32817153,6.679E-5
DGC,COINEX,BTC,0.2,0.2,4.2681355556E10,5000.0
DGC,BTER,BTC,6.105E-5,6.587E-5,39646.19,6.001E-5
DGC,BTER,CNY,0.154,0.1595,34849.262,0.1541

Coin Code,Exchange,Market,Buy,Sell,Last,Volume
DMD,CRYPTSY,BTC,2.5701E-4,2.5701E-4,1527.39579835,2.5701E-4

Coin Code,Exchange,Market,Buy,Sell,Last,Volume
DOGE,CRYPTSY,BTC,9.3E-7,9.3E-7,8.607224994600918E8,9.3E-7
DOGE,CRYPTSY,LTC,3.911E-5,3.911E-5,4.059020691627301E7,3.911E-5
DOGE,CRYPTSY,USD,0.0,0.0,0.0,0.0
DOGE,COINEX,BTC,0.2,0.2,1.7219930078545E14,84.0
DOGE,COINEX,LTC,0.2,0.2,3.492669620436E13,4040.0
DOGE,BTER,CNY,0.002211,0.002218,8.4589950131E8,0.002218
DOGE,BTER,BTC,9.2E-7,9.4E-7,8.4831476767E7,9.4E-7

Coin Code,Exchange,Market,Buy,Sell,Last,Volume
DRK,CRYPTSY,BTC,0.00125387,0.00125387,37197.01516281,0.00125387

Coin Code,Exchange,Market,Buy,Sell,Last,Volume
DTC,BTER,CNY,0.15,0.1628,24868.614,0.15
DTC,BTER,BTC,6.011E-5,6.381E-5,24007.636,6.001E-5

Coin Code,Exchange,Market,Buy,Sell,Last,Volume
DVC,CRYPTSY,LTC,1.141E-5,1.141E-5,813377.19283654,1.141E-5
DVC,CRYPTSY,BTC,2.7E-7,2.7E-7,1.355728712437986E7,2.7E-7
DVC,BTER,CNY,6.86E-4,7.29E-4,8935966.8,7.36E-4
DVC,BTER,LTC,1.205E-5,1.276E-5,448772.704,1.175E-5

Coin Code,Exchange,Market,Buy,Sell,Last,Volume
EAC,CRYPTSY,BTC,8.0E-8,8.0E-8,7.409379974383892E7,8.0E-8
EAC,COINEX,BTC,0.2,0.2,1.74645597072444E14,10.0
EAC,COINEX,LTC,0.2,0.2,7.558223536633E12,430.0
EAC,COINEX,DOGE,0.2,0.2,6.265126588E9,1.0400001E7

Coin Code,Exchange,Market,Buy,Sell,Last,Volume
ELC,CRYPTSY,BTC,4.0E-4,4.0E-4,7473.32159793,4.0E-4

Coin Code,Exchange,Market,Buy,Sell,Last,Volume
ELP,CRYPTSY,LTC,1.623E-5,1.623E-5,201304.40241632,1.623E-5

Coin Code,Exchange,Market,Buy,Sell,Last,Volume
EMD,CRYPTSY,BTC,5.33E-6,5.33E-6,109160.19413728,5.33E-6

Coin Code,Exchange,Market,Buy,Sell,Last,Volume
EUR,KRAKEN,XVN,7.54,7.54,5.0,7.54
EUR,KRAKEN,XRP,125.0,125.0,7.35,125.0
EUR,KRAKEN,XDG,3080.0,3080.0,2.02857,3080.0

Coin Code,Exchange,Market,Buy,Sell,Last,Volume
EXC,COINEX,BTC,0.2,0.2,1.29209342E8,2500.0
EXC,BTER,CNY,0.1827,0.1877,116060.127,0.1882
EXC,BTER,BTC,7.572E-5,9.895E-5,7651.491,7.54E-5

Coin Code,Exchange,Market,Buy,Sell,Last,Volume
EXE,CRYPTSY,BTC,7.5E-5,7.5E-5,41403.02052606,7.5E-5

Coin Code,Exchange,Market,Buy,Sell,Last,Volume
EZC,CRYPTSY,LTC,1.6338E-4,1.6338E-4,96963.7840015,1.6338E-4
EZC,CRYPTSY,BTC,3.64E-6,3.64E-6,165839.09735478,3.64E-6

Coin Code,Exchange,Market,Buy,Sell,Last,Volume
FFC,CRYPTSY,BTC,3.4E-7,3.4E-7,376724.74464533,3.4E-7
FFC,COINEX,BTC,0.2,0.2,7.71954231783E11,26.0
FFC,COINEX,LTC,0.2,0.2,2.20497722688E11,801.0
FFC,COINEX,DOGE,0.2,0.2,3.6584153803E10,1.4538158E7

Coin Code,Exchange,Market,Buy,Sell,Last,Volume
FLAP,CRYPTSY,BTC,1.0E-8,1.0E-8,1.372632062378442E7,1.0E-8

Coin Code,Exchange,Market,Buy,Sell,Last,Volume
FLO,CRYPTSY,LTC,2.9E-4,2.9E-4,52305.81039077,2.9E-4

Coin Code,Exchange,Market,Buy,Sell,Last,Volume
FLT,BTER,BTC,1.69E-6,2.0E-6,5230894.252,1.99E-6

Coin Code,Exchange,Market,Buy,Sell,Last,Volume
FRC,CRYPTSY,BTC,3.215E-5,3.215E-5,53620.37597316,3.215E-5
FRC,BTER,CNY,0.0751,0.0808,58183.52897,0.0766
FRC,BTER,BTC,3.105E-5,3.407E-5,335096.935,3.405E-5

Coin Code,Exchange,Market,Buy,Sell,Last,Volume
FRE,COINEX,BTC,0.2,0.2,2.4E11,256.0

Coin Code,Exchange,Market,Buy,Sell,Last,Volume
FRK,CRYPTSY,BTC,5.92E-4,5.92E-4,1495.97231878,5.92E-4
FRK,CRYPTSY,LTC,0.02481905,0.02481905,123.60415806,0.02481905

Coin Code,Exchange,Market,Buy,Sell,Last,Volume
FST,CRYPTSY,BTC,2.36E-6,2.36E-6,225719.99985874,2.36E-6
FST,CRYPTSY,LTC,9.894E-5,9.894E-5,93258.88015365,9.894E-5
FST,COINEX,BTC,0.2,0.2,9.9245152092E10,245.0

Coin Code,Exchange,Market,Buy,Sell,Last,Volume
FTC,CRYPTSY,BTC,1.8807E-4,1.8807E-4,50747.37651596,1.8807E-4
FTC,CRYPTSY,USD,0.0,0.0,0.0,0.0
FTC,COINEX,BTC,0.2,0.2,5.01762085E8,18000.0
FTC,BTER,BTC,1.8E-4,1.9E-4,5807.672,1.9E-4
FTC,BTER,CNY,0.45,0.458,10737.09018,0.46

Coin Code,Exchange,Market,Buy,Sell,Last,Volume
GDC,CRYPTSY,BTC,2.3E-7,2.3E-7,2896881.82062673,2.3E-7

Coin Code,Exchange,Market,Buy,Sell,Last,Volume
GLC,CRYPTSY,BTC,2.01E-6,2.01E-6,238641.61001104,2.01E-6

Coin Code,Exchange,Market,Buy,Sell,Last,Volume
GLD,CRYPTSY,BTC,2.865E-5,2.865E-5,41974.90751123,2.865E-5
GLD,CRYPTSY,LTC,0.00120092,0.00120092,2374.45121836,0.00120092
GLD,COINEX,BTC,0.2,0.2,2.7591323953E10,2127.0
GLD,COINEX,LTC,0.2,0.2,8.35345634E8,100010.0

Coin Code,Exchange,Market,Buy,Sell,Last,Volume
GLX,CRYPTSY,BTC,9.9E-7,9.9E-7,185821.64997439,9.9E-7

Coin Code,Exchange,Market,Buy,Sell,Last,Volume
GME,CRYPTSY,LTC,3.03E-6,3.03E-6,1301383.6601245,3.03E-6

Coin Code,Exchange,Market,Buy,Sell,Last,Volume
GRW,COINEX,BTC,0.2,0.2,1.3670162258457E13,390.0

Coin Code,Exchange,Market,Buy,Sell,Last,Volume
HBN,CRYPTSY,BTC,2.5E-4,2.5E-4,61109.99351772,2.5E-4
HBN,COINEX,BTC,0.2,0.2,1.4543308789E10,23100.0

Coin Code,Exchange,Market,Buy,Sell,Last,Volume
HVC,CRYPTSY,BTC,2.361E-5,2.361E-5,172839.11312671,2.361E-5

Coin Code,Exchange,Market,Buy,Sell,Last,Volume
IFC,CRYPTSY,LTC,2.24E-6,2.24E-6,4383210.26680245,2.24E-6
IFC,CRYPTSY,BTC,5.0E-8,5.0E-8,5.837587946648837E7,5.0E-8
IFC,COINEX,LTC,0.2,0.2,7.8485129343885E13,220.0
IFC,COINEX,BTC,0.2,0.2,2.3740741004346E14,5.0
IFC,COINEX,DOGE,0.2,0.2,1.05497899824E11,5275367.0
IFC,BTER,CNY,1.152E-4,1.345E-4,1.18181412196E9,1.152E-4
IFC,BTER,LTC,2.09E-6,2.19E-6,2.1326095429E7,2.07E-6

Coin Code,Exchange,Market,Buy,Sell,Last,Volume
IXC,CRYPTSY,BTC,6.861E-5,6.861E-5,24861.16337306,6.861E-5

Coin Code,Exchange,Market,Buy,Sell,Last,Volume
JKC,CRYPTSY,LTC,2.6943E-4,2.6943E-4,8623.019474,2.6943E-4
JKC,CRYPTSY,BTC,6.19E-6,6.19E-6,13801.25498891,6.19E-6

Coin Code,Exchange,Market,Buy,Sell,Last,Volume
KDC,CRYPTSY,BTC,1.638E-5,1.638E-5,27044.66390151,1.638E-5
KDC,BTER,BTC,1.558E-5,2.397E-5,11142.966,1.551E-5

Coin Code,Exchange,Market,Buy,Sell,Last,Volume
KGC,CRYPTSY,BTC,1.11E-6,1.11E-6,643739.25862083,1.11E-6

Coin Code,Exchange,Market,Buy,Sell,Last,Volume
KRW,KRAKEN,XRP,1.75,1.75,1.55909249,1.75

Coin Code,Exchange,Market,Buy,Sell,Last,Volume
LEAF,CRYPTSY,BTC,2.0E-8,2.0E-8,3.445855412885263E7,2.0E-8

Coin Code,Exchange,Market,Buy,Sell,Last,Volume
LK7,CRYPTSY,BTC,4.5E-7,4.5E-7,523999.36073877,4.5E-7

Coin Code,Exchange,Market,Buy,Sell,Last,Volume
LKY,CRYPTSY,BTC,6.7E-6,6.7E-6,38624.62181163,6.7E-6
LKY,COINEX,BTC,0.2,0.2,1.37281945675E11,592.0

Coin Code,Exchange,Market,Buy,Sell,Last,Volume
LOT,CRYPTSY,BTC,2.0E-8,2.0E-8,6.875973952744512E7,2.0E-8
LOT,COINEX,BTC,0.2,0.2,2.24027574658237E14,2.0
LOT,COINEX,DOGE,0.2,0.2,8.2637514914264E13,2900000.0
LOT,COINEX,LTC,0.2,0.2,3.2112625655666E13,79.0

Coin Code,Exchange,Market,Buy,Sell,Last,Volume
LTC,CRYPTSY,USD,0.0,0.0,0.0,0.0
LTC,CRYPTSY,BTC,0.02374,0.02374,15152.13004724,0.02374
LTC,COINEX,BTC,0.2,0.2,2.5841256507E10,2360000.0
LTC,BTER,CNY,55.66,57.0,9510.6963,55.66
LTC,BTER,BTC,0.0235,0.0235,1493.8227,0.0235
LTC,KRAKEN,XRP,1250.0,1250.0,1.03012103,1250.0
LTC,KRAKEN,XDG,24850.0,24850.0,0.40241448,24850.0
LTC,KRAKEN,EUR,7.50001,7.50001,4.63145,7.50001
LTC,KRAKEN,USD,14.75,14.75,0.55334983,14.75
LTC,KRAKEN,KRW,40651.0,40651.0,3.844E-5,40651.0
LTC,BITTREX,365,-1.0,-1.0,-1.0,-1.0
LTC,BITTREX,888,-1.0,-1.0,-1.0,-1.0
LTC,BITTREX,AAA,-1.0,-1.0,-1.0,-1.0
LTC,BITTREX,APH,0.07,0.07,-1.0,0.07
LTC,BITTREX,AUR,-1.0,-1.0,-1.0,-1.0
LTC,BITTREX,BC,0.0015,0.0015,4.0,0.0015
LTC,BITTREX,BEA,-1.0,-1.0,-1.0,-1.0
LTC,BITTREX,BELA,-1.0,-1.0,-1.0,-1.0
LTC,BITTREX,BELI,1.0E-8,1.0E-8,1.41733239812E7,1.0E-8
LTC,BITTREX,BLTZ,3.25E-6,3.25E-6,-1.0,3.25E-6
LTC,BITTREX,BNS,-1.0,-1.0,-1.0,-1.0
LTC,BITTREX,BONES,-1.0,-1.0,-1.0,-1.0
LTC,BITTREX,BTL,5.0E-4,5.0E-4,-1.0,5.0E-4
LTC,BITTREX,C2,8.0E-6,8.0E-6,-1.0,8.0E-6
LTC,BITTREX,CESC,0.00389,0.00389,-1.0,0.00389
LTC,BITTREX,CGA,-1.0,-1.0,-1.0,-1.0
LTC,BITTREX,CGB,-1.0,-1.0,-1.0,-1.0
LTC,BITTREX,DIME,5.0E-8,5.0E-8,-1.0,5.0E-8
LTC,BITTREX,DOGE,1.004E-5,1.004E-5,-1.0,1.004E-5
LTC,BITTREX,DRK,-1.0,-1.0,-1.0,-1.0
LTC,BITTREX,EAC,2.0E-8,2.0E-8,-1.0,2.0E-8
LTC,BITTREX,ECC,-1.0,-1.0,-1.0,-1.0
LTC,BITTREX,EFL,0.00485268,0.00485268,-1.0,0.00485268
LTC,BITTREX,EMC2,4.26E-6,4.26E-6,-1.0,4.26E-6
LTC,BITTREX,EXE,-1.0,-1.0,-1.0,-1.0
LTC,BITTREX,FAC,-1.0,-1.0,-1.0,-1.0
LTC,BITTREX,FLT,-1.0,-1.0,-1.0,-1.0
LTC,BITTREX,FRX,4.0E-8,4.0E-8,224097.83094085,4.0E-8
LTC,BITTREX,FTC,4.0133E-4,4.0133E-4,-1.0,4.0133E-4
LTC,BITTREX,GAC,0.001,0.001,-1.0,0.001
LTC,BITTREX,GER,1.4945E-4,1.4945E-4,-1.0,1.4945E-4
LTC,BITTREX,GLD,-1.0,-1.0,-1.0,-1.0
LTC,BITTREX,GPUC,2.0E-6,2.0E-6,-1.0,2.0E-6
LTC,BITTREX,GRCE,-1.0,-1.0,-1.0,-1.0
LTC,BITTREX,HIRO,-1.0,-1.0,-1.0,-1.0
LTC,BITTREX,HKC,4.0E-6,4.0E-6,-1.0,4.0E-6
LTC,BITTREX,HPC,9.0E-5,9.0E-5,-1.0,9.0E-5
LTC,BITTREX,ICN,3.9E-4,3.9E-4,-1.0,3.9E-4
LTC,BITTREX,IFC,5.79E-6,5.79E-6,-1.0,5.79E-6
LTC,BITTREX,IPC,-1.0,-1.0,-1.0,-1.0
LTC,BITTREX,IQD,-1.0,-1.0,-1.0,-1.0
LTC,BITTREX,MEOW,4.0E-6,4.0E-6,-1.0,4.0E-6
LTC,BITTREX,MINT,5.99E-6,5.99E-6,28905.38844914,5.99E-6
LTC,BITTREX,MMC,0.0035,0.0035,199.43630381,0.0035
LTC,BITTREX,MPL,-1.0,-1.0,-1.0,-1.0
LTC,BITTREX,MRS,-1.0,-1.0,-1.0,-1.0
LTC,BITTREX,MYR,-1.0,-1.0,-1.0,-1.0
LTC,BITTREX,MZC,-1.0,-1.0,-1.0,-1.0
LTC,BITTREX,NXT,-1.0,-1.0,-1.0,-1.0
LTC,BITTREX,PAWN,1.0E-4,1.0E-4,-1.0,1.0E-4
LTC,BITTREX,PCC,-1.0,-1.0,-1.0,-1.0
LTC,BITTREX,PCN,-1.0,-1.0,-1.0,-1.0
LTC,BITTREX,PLNC,7.5E-4,7.5E-4,-1.0,7.5E-4
LTC,BITTREX,POT,1.02E-4,1.02E-4,-1.0,1.02E-4
LTC,BITTREX,PPC,0.24588,0.24588,-1.0,0.24588
LTC,BITTREX,PT,-1.0,-1.0,-1.0,-1.0
LTC,BITTREX,PTC,1.1501E-4,1.1501E-4,-1.0,1.1501E-4
LTC,BITTREX,Q2C,-1.0,-1.0,-1.0,-1.0
LTC,BITTREX,RDD,1.3E-6,1.3E-6,-1.0,1.3E-6
LTC,BITTREX,RT2,-1.0,-1.0,-1.0,-1.0
LTC,BITTREX,SBC,-1.0,-1.0,-1.0,-1.0
LTC,BITTREX,SHA,-1.0,-1.0,-1.0,-1.0
LTC,BITTREX,SHC,2.0,2.0,-1.0,2.0
LTC,BITTREX,SLR,-1.0,-1.0,-1.0,-1.0
LTC,BITTREX,SPA,1.79E-6,1.79E-6,-1.0,1.79E-6
LTC,BITTREX,SPH,1.5E-7,1.5E-7,-1.0,1.5E-7
LTC,BITTREX,SRR,-1.0,-1.0,-1.0,-1.0
LTC,BITTREX,SYN,-1.0,-1.0,-1.0,-1.0
LTC,BITTREX,UTC,-1.0,-1.0,-1.0,-1.0
LTC,BITTREX,VTC,0.00400005,0.00400005,-1.0,0.00400005
LTC,BITTREX,WDC,0.0074816,0.0074816,-1.0,0.0074816
LTC,BITTREX,XSV,0.006,0.006,2.42944996,0.006
LTC,BITTREX,ZEIT,3.0E-7,3.0E-7,-1.0,3.0E-7

Coin Code,Exchange,Market,Buy,Sell,Last,Volume
LYC,CRYPTSY,BTC,2.2E-7,2.2E-7,6386412.20863446,2.2E-7

Coin Code,Exchange,Market,Buy,Sell,Last,Volume
MAX,CRYPTSY,BTC,2.0897E-4,2.0897E-4,56898.63613682,2.0897E-4
MAX,BTER,BTC,1.76E-4,2.0E-4,25841.801,2.0E-4
MAX,BTER,CNY,0.47,0.492,189297.789,0.468

Coin Code,Exchange,Market,Buy,Sell,Last,Volume
MEC,CRYPTSY,BTC,1.4761E-4,1.4761E-4,176515.78295121,1.4761E-4
MEC,CRYPTSY,LTC,0.00634305,0.00634305,5074.16823957,0.00634305
MEC,COINEX,BTC,0.2,0.2,3.229308399E9,10216.0
MEC,BTER,BTC,1.2853E-4,1.6762E-4,662.646,1.2591E-4
MEC,BTER,CNY,0.325,0.33,47930.179,0.3307

Coin Code,Exchange,Market,Buy,Sell,Last,Volume
MEM,CRYPTSY,LTC,2.166E-5,2.166E-5,77572.29482218,2.166E-5

Coin Code,Exchange,Market,Buy,Sell,Last,Volume
MEOW,CRYPTSY,BTC,4.0E-8,4.0E-8,8.751352723255911E7,4.0E-8

Coin Code,Exchange,Market,Buy,Sell,Last,Volume
MINT,CRYPTSY,BTC,1.3E-7,1.3E-7,4.839891736654244E7,1.3E-7
MINT,BTER,CNY,3.12E-4,3.3E-4,2.844071334E7,3.12E-4
MINT,BTER,BTC,1.3E-7,1.4E-7,1.3624399705E7,1.3E-7

Coin Code,Exchange,Market,Buy,Sell,Last,Volume
MMC,BTER,CNY,0.117,0.1211,107036.938,0.1211
MMC,BTER,BTC,4.869E-5,4.95E-5,39657.999,4.88E-5

Coin Code,Exchange,Market,Buy,Sell,Last,Volume
MN1,CRYPTSY,BTC,0.0185,0.0185,1251.26357781,0.0185

Coin Code,Exchange,Market,Buy,Sell,Last,Volume
MNC,CRYPTSY,BTC,3.2933E-4,3.2933E-4,3133.56454563,3.2933E-4
MNC,COINEX,BTC,0.2,0.2,1.043218761E9,3330.0

Coin Code,Exchange,Market,Buy,Sell,Last,Volume
MOON,CRYPTSY,LTC,1.4E-7,1.4E-7,2.0751254302190118E9,1.4E-7
MOON,COINEX,LTC,0.2,0.2,1.686287618519539E16,10.0
MOON,COINEX,BTC,0.2,0.2,5.34275E13,1.0
MOON,COINEX,DOGE,0.2,0.2,1.262231800945051E15,200759.0

Coin Code,Exchange,Market,Buy,Sell,Last,Volume
MST,CRYPTSY,LTC,3.43E-5,3.43E-5,208886.81871973,3.43E-5

Coin Code,Exchange,Market,Buy,Sell,Last,Volume
MZC,CRYPTSY,BTC,1.94E-6,1.94E-6,4288384.58538768,1.94E-6

Coin Code,Exchange,Market,Buy,Sell,Last,Volume
NAN,CRYPTSY,BTC,3.34E-6,3.34E-6,37212.19938617,3.34E-6

Coin Code,Exchange,Market,Buy,Sell,Last,Volume
NBL,CRYPTSY,BTC,1.341E-5,1.341E-5,2236.19796276,1.341E-5

Coin Code,Exchange,Market,Buy,Sell,Last,Volume
NEC,CRYPTSY,BTC,1.813E-5,1.813E-5,20916.98280759,1.813E-5
NEC,COINEX,BTC,0.2,0.2,1.2627973652E10,2990.0
NEC,BTER,BTC,1.501E-5,2.3E-5,16971.24,2.3E-5

Coin Code,Exchange,Market,Buy,Sell,Last,Volume
NET,CRYPTSY,BTC,3.1E-6,3.1E-6,1114564.66270058,3.1E-6
NET,CRYPTSY,LTC,1.2667E-4,1.2667E-4,322309.50005798,1.2667E-4
NET,BTER,CNY,0.00757,0.00775,1.4783332024E7,0.00786
NET,BTER,LTC,1.2614E-4,1.6711E-4,37554.747,1.2603E-4

Coin Code,Exchange,Market,Buy,Sell,Last,Volume
NMC,CRYPTSY,BTC,0.00380014,0.00380014,1177.24886389,0.00380014
NMC,BTER,BTC,0.00360012,0.00427753,271.001,0.0038
NMC,BTER,CNY,9.08,9.86,366.339,9.03
NMC,KRAKEN,XDG,1782.0,1782.0,0.25222222,1782.0
NMC,KRAKEN,XRP,199.98,199.98,0.88166368,199.98
NMC,KRAKEN,KRW,15000.0,15000.0,0.88868272,15000.0
NMC,KRAKEN,USD,3.36874,3.36874,20.0,3.36874
NMC,KRAKEN,EUR,1.8,1.8,49.46804845,1.8

Coin Code,Exchange,Market,Buy,Sell,Last,Volume
NOBL,COINEX,BTC,0.2,0.2,3.7226470524686E13,12.0
NOBL,COINEX,LTC,0.2,0.2,2.81019354281E11,504.0
NOBL,COINEX,DOGE,0.2,0.2,2.822524731343E12,1.4E7

Coin Code,Exchange,Market,Buy,Sell,Last,Volume
NRB,CRYPTSY,BTC,1.03E-5,1.03E-5,15147.12601641,1.03E-5

Coin Code,Exchange,Market,Buy,Sell,Last,Volume
NVC,CRYPTSY,BTC,0.0091306,0.0091306,346.34264728,0.0091306
NVC,COINEX,BTC,0.2,0.2,3.1042605E8,900000.0

Coin Code,Exchange,Market,Buy,Sell,Last,Volume
NXT,CRYPTSY,BTC,5.514E-5,5.514E-5,437067.0,5.514E-5
NXT,CRYPTSY,LTC,0.00231584,0.00231584,25680.0,0.00231584
NXT,BTER,BTC,5.401E-5,5.557E-5,1996555.503,5.557E-5
NXT,BTER,CNY,0.13,0.1301,584207.503,0.13

Coin Code,Exchange,Market,Buy,Sell,Last,Volume
NYAN,CRYPTSY,BTC,1.31E-6,1.31E-6,2458477.22555966,1.31E-6

Coin Code,Exchange,Market,Buy,Sell,Last,Volume
ORB,CRYPTSY,BTC,1.871E-5,1.871E-5,8680.33879188,1.871E-5

Coin Code,Exchange,Market,Buy,Sell,Last,Volume
OSC,CRYPTSY,BTC,4.75E-6,4.75E-6,51868.63436441,4.75E-6
OSC,COINEX,BTC,0.2,0.2,6.76722842E9,330.0

Coin Code,Exchange,Market,Buy,Sell,Last,Volume
PHS,CRYPTSY,BTC,1.9216E-4,1.9216E-4,18160.01991169,1.9216E-4
PHS,COINEX,BTC,0.2,0.2,1.038882772E9,19840.0

Coin Code,Exchange,Market,Buy,Sell,Last,Volume
POINTS,CRYPTSY,BTC,6.1738E-4,6.1738E-4,2935.9858835,6.1738E-4

Coin Code,Exchange,Market,Buy,Sell,Last,Volume
POT,CRYPTSY,BTC,1.602E-5,1.602E-5,1850014.72291831,1.602E-5

Coin Code,Exchange,Market,Buy,Sell,Last,Volume
PPC,CRYPTSY,BTC,0.0038863,0.0038863,3210.9057649,0.0038863
PPC,CRYPTSY,LTC,0.164429,0.164429,360.06954211,0.164429
PPC,COINEX,BTC,0.2,0.2,4.13234225E9,291900.0
PPC,BTER,BTC,0.0034,0.00424,748.421,0.0034
PPC,BTER,CNY,8.31,9.31,1535.49,8.5

Coin Code,Exchange,Market,Buy,Sell,Last,Volume
PRT,BTER,BTC,7.8E-7,9.4E-7,694039.991,7.8E-7

Coin Code,Exchange,Market,Buy,Sell,Last,Volume
PTS,CRYPTSY,BTC,0.01039992,0.01039992,1155.66478437,0.01039992
PTS,BTER,BTC,0.01027,0.0104,351.7156,0.01024
PTS,BTER,CNY,23.58,25.36,2094.729,25.59

Coin Code,Exchange,Market,Buy,Sell,Last,Volume
PXC,CRYPTSY,LTC,1.5088E-4,1.5088E-4,28840.0193772,1.5088E-4
PXC,CRYPTSY,BTC,3.46E-6,3.46E-6,88907.59995598,3.46E-6
PXC,COINEX,BTC,0.2,0.2,9.833131601E10,252.0

Coin Code,Exchange,Market,Buy,Sell,Last,Volume
PYC,CRYPTSY,BTC,1.801E-5,1.801E-5,23337.91766354,1.801E-5
PYC,COINEX,BTC,0.2,0.2,3.696099E12,16.0

Coin Code,Exchange,Market,Buy,Sell,Last,Volume
QRK,CRYPTSY,BTC,4.201E-5,4.201E-5,470589.27334515,4.201E-5
QRK,CRYPTSY,LTC,0.00175038,0.00175038,33084.82757555,0.00175038
QRK,BTER,CNY,0.09473,0.10132,282587.596,0.10147
QRK,BTER,BTC,4.107E-5,4.22E-5,193329.186,4.101E-5

Coin Code,Exchange,Market,Buy,Sell,Last,Volume
RDD,CRYPTSY,BTC,3.0E-8,3.0E-8,5.81279957734035E8,3.0E-8

Coin Code,Exchange,Market,Buy,Sell,Last,Volume
RED,CRYPTSY,LTC,2.8001E-4,2.8001E-4,116383.06038945,2.8001E-4
RED,BTER,LTC,1.6258E-4,3.9849E-4,0.0,0.0
RED,BTER,CNY,0.019,0.0197,4493014.33,0.0191

Coin Code,Exchange,Market,Buy,Sell,Last,Volume
RPC,CRYPTSY,BTC,0.00113102,0.00113102,341.03133961,0.00113102

Coin Code,Exchange,Market,Buy,Sell,Last,Volume
RYC,CRYPTSY,BTC,2.43E-6,2.43E-6,20674.61470983,2.43E-6
RYC,CRYPTSY,LTC,1.0212E-4,1.0212E-4,390.97253962,1.0212E-4

Coin Code,Exchange,Market,Buy,Sell,Last,Volume
SAT,CRYPTSY,BTC,1.0E-8,1.0E-8,3.799950200495067E7,1.0E-8

Coin Code,Exchange,Market,Buy,Sell,Last,Volume
SBC,CRYPTSY,LTC,1.1964E-4,1.1964E-4,75678.75090442,1.1964E-4
SBC,CRYPTSY,BTC,2.8E-6,2.8E-6,295691.60537763,2.8E-6

Coin Code,Exchange,Market,Buy,Sell,Last,Volume
SMC,CRYPTSY,BTC,3.25E-6,3.25E-6,19484.65864778,3.25E-6
SMC,COINEX,BTC,0.2,0.2,2.69241668014E11,266.0
SMC,COINEX,LTC,0.2,0.2,6.49813960477E11,340.0
SMC,COINEX,DOGE,0.2,0.2,5.2110057378E10,1.95813278E8

Coin Code,Exchange,Market,Buy,Sell,Last,Volume
SPA,CRYPTSY,BTC,3.558E-5,3.558E-5,89027.61264946,3.558E-5

Coin Code,Exchange,Market,Buy,Sell,Last,Volume
SPT,CRYPTSY,BTC,6.07E-6,6.07E-6,28185.22217112,6.07E-6

Coin Code,Exchange,Market,Buy,Sell,Last,Volume
SRC,CRYPTSY,BTC,1.908E-4,1.908E-4,8740.84074372,1.908E-4
SRC,COINEX,BTC,0.2,0.2,6.850530269E9,12000.0
SRC,BTER,CNY,0.4816,0.5436,11163.122,0.4802
SRC,BTER,BTC,1.3918E-4,2.2799E-4,1609.795,2.0E-4

Coin Code,Exchange,Market,Buy,Sell,Last,Volume
STR,CRYPTSY,BTC,5.1E-7,5.1E-7,619531.06092756,5.1E-7

Coin Code,Exchange,Market,Buy,Sell,Last,Volume
SXC,CRYPTSY,LTC,2.2712E-4,2.2712E-4,322009.69686824,2.2712E-4
SXC,CRYPTSY,BTC,5.31E-6,5.31E-6,540976.13275061,5.31E-6
SXC,COINEX,BTC,0.2,0.2,1.387285306392E12,411.0
SXC,COINEX,LTC,0.2,0.2,1.3702748875E10,25000.0
SXC,COINEX,DOGE,0.2,0.2,1.61440775439E11,5.5955385E8

Coin Code,Exchange,Market,Buy,Sell,Last,Volume
TAG,CRYPTSY,BTC,2.5511E-4,2.5511E-4,22770.54568928,2.5511E-4
TAG,COINEX,BTC,0.2,0.2,4.2978536206E10,18500.0
TAG,COINEX,LTC,0.2,0.2,1.34486274E8,450000.0
TAG,COINEX,DOGE,0.2,0.2,1.897669744E9,1.35E10
TAG,BTER,BTC,2.7E-4,2.8E-4,5290.77,2.7E-4
TAG,BTER,CNY,0.595,0.707,3247.469,0.657

Coin Code,Exchange,Market,Buy,Sell,Last,Volume
TAK,CRYPTSY,BTC,2.0E-7,2.0E-7,4327939.40446932,2.0E-7

Coin Code,Exchange,Market,Buy,Sell,Last,Volume
TEA,COINEX,BTC,0.2,0.2,1.96723381248E11,238.0
TEA,COINEX,LTC,0.2,0.2,9.40432974835E11,1630.0
TEA,COINEX,DOGE,0.2,0.2,5.88858041975E11,1.1E8

Coin Code,Exchange,Market,Buy,Sell,Last,Volume
TEK,CRYPTSY,BTC,1.8722E-4,1.8722E-4,9673.61442983,1.8722E-4
TEK,COINEX,BTC,0.2,0.2,9.471454807E9,14500.0

Coin Code,Exchange,Market,Buy,Sell,Last,Volume
TGC,CRYPTSY,BTC,1.86E-6,1.86E-6,302753.83329805,1.86E-6
TGC,COINEX,BTC,0.2,0.2,1.80495432187E12,190.0
TGC,COINEX,LTC,0.2,0.2,1.361046735241E12,376.0

Coin Code,Exchange,Market,Buy,Sell,Last,Volume
TIPS,CRYPTSY,LTC,8.0E-8,8.0E-8,1.174085619475038E9,8.0E-8
TIPS,BTER,LTC,9.0E-8,1.0E-7,5.00049831049E8,9.0E-8
TIPS,BTER,CNY,5.0E-6,5.36E-6,8.8124327366E8,5.0E-6

Coin Code,Exchange,Market,Buy,Sell,Last,Volume
TIX,CRYPTSY,LTC,6.7E-7,6.7E-7,2.956346657253791E7,6.7E-7
TIX,BTER,CNY,3.34E-5,3.52E-5,2.68015832732E9,3.53E-5
TIX,BTER,LTC,5.4E-7,6.8E-7,4713242.621,5.9E-7

Coin Code,Exchange,Market,Buy,Sell,Last,Volume
TRC,CRYPTSY,BTC,1.5845E-4,1.5845E-4,7674.35722713,1.5845E-4
TRC,COINEX,BTC,0.2,0.2,7.20717051E8,9600.0

Coin Code,Exchange,Market,Buy,Sell,Last,Volume
UNO,CRYPTSY,BTC,0.00573997,0.00573997,2634.20114592,0.00573997
UNO,COINEX,BTC,0.2,0.2,1.631694126E9,580000.0
UNO,COINEX,DOGE,0.2,0.2,6232223.0,5.901E11

Coin Code,Exchange,Market,Buy,Sell,Last,Volume
USD,KRAKEN,XVN,10.04,10.04,1.0,10.04
USD,KRAKEN,XDG,870.0,870.0,4.9945,870.0
USD,KRAKEN,XRP,67.33,67.33,9.00088951,67.33

Coin Code,Exchange,Market,Buy,Sell,Last,Volume
UTC,CRYPTSY,BTC,8.998E-5,8.998E-5,112019.16606604,8.998E-5

Coin Code,Exchange,Market,Buy,Sell,Last,Volume
VTC,CRYPTSY,BTC,0.00224,0.00224,41808.66465199,0.00224
VTC,COINEX,LTC,0.2,0.2,1.4031573647E10,7100002.0
VTC,COINEX,DOGE,0.2,0.2,4.0223453E7,2.499E11
VTC,COINEX,BTC,0.2,0.2,8.855629638E9,250000.0
VTC,BTER,CNY,5.26,5.3,12237.278,5.26
VTC,BTER,BTC,0.002178,0.002259,5053.328,0.002183

Coin Code,Exchange,Market,Buy,Sell,Last,Volume
WDC,CRYPTSY,LTC,0.00318085,0.00318085,15051.63722586,0.00318085
WDC,CRYPTSY,BTC,7.491E-5,7.491E-5,255157.70853802,7.491E-5
WDC,COINEX,BTC,0.2,0.2,1.47173509378E11,7660.0
WDC,COINEX,DOGE,0.2,0.2,1.4617283442E10,5.949000013E9
WDC,BTER,BTC,7.963E-5,7.963E-5,17639.438,7.963E-5
WDC,BTER,CNY,0.1921,0.1997,33410.961,0.1921

Coin Code,Exchange,Market,Buy,Sell,Last,Volume
XBT,KRAKEN,LTC,39.3,39.3,0.03101,39.3
XBT,KRAKEN,XDG,1080903.5,1080903.5,3.0E-8,1080903.5
XBT,KRAKEN,XRP,56500.0,56500.0,0.06266,56500.0
XBT,KRAKEN,NMC,209.486,209.486,0.05,209.486
XBT,KRAKEN,USD,440.0,440.0,0.02134925,440.0
XBT,KRAKEN,EUR,280.0,280.0,0.13321428,280.0
XBT,KRAKEN,KRW,980000.0,980000.0,1.0644,980000.0
XBT,KRAKEN,XVN,1240.0,1240.0,0.05,1240.0

Coin Code,Exchange,Market,Buy,Sell,Last,Volume
XCP,BTER,CNY,11.3,13.05,1485.6567,10.41
XCP,BTER,BTC,0.00445,0.00494,536.007,0.00494

Coin Code,Exchange,Market,Buy,Sell,Last,Volume
XJO,CRYPTSY,BTC,5.46E-6,5.46E-6,26402.65508427,5.46E-6
XJO,COINEX,BTC,0.2,0.2,5.5382034676E10,460.0

Coin Code,Exchange,Market,Buy,Sell,Last,Volume
XNC,CRYPTSY,LTC,4.41E-6,4.41E-6,513743.55083515,4.41E-6

Coin Code,Exchange,Market,Buy,Sell,Last,Volume
XPM,CRYPTSY,BTC,0.00157416,0.00157416,4709.93999855,0.00157416
XPM,CRYPTSY,LTC,0.06766454,0.06766454,243.89425834,0.06766454
XPM,COINEX,BTC,0.2,0.2,3.01591277E8,125010.0
XPM,BTER,CNY,3.8,3.94,2491.479,3.8
XPM,BTER,BTC,0.00155104,0.00175348,961.827,0.00155001

Coin Code,Exchange,Market,Buy,Sell,Last,Volume
XVN,KRAKEN,XRP,10.0,10.0,94.6895687,10.0

Coin Code,Exchange,Market,Buy,Sell,Last,Volume
YAC,CRYPTSY,LTC,7.2995E-4,7.2995E-4,11715.49976624,7.2995E-4
YAC,CRYPTSY,BTC,1.595E-5,1.595E-5,36239.1121706,1.595E-5
YAC,BTER,BTC,1.611E-5,1.696E-5,80549.76,1.698E-5
YAC,BTER,CNY,0.0368,0.04,141738.672,0.04

Coin Code,Exchange,Market,Buy,Sell,Last,Volume
YBC,CRYPTSY,BTC,0.00125219,0.00125219,130.68912534,0.00125219

Coin Code,Exchange,Market,Buy,Sell,Last,Volume
ZCC,CRYPTSY,BTC,1.1404E-4,1.1404E-4,316079.7399166,1.1404E-4
ZCC,BTER,BTC,9.8E-5,1.13E-4,40788.158,9.42E-5
ZCC,BTER,CNY,0.223,0.2398,13447.857,0.2397

Coin Code,Exchange,Market,Buy,Sell,Last,Volume
ZED,CRYPTSY,BTC,6.92E-6,6.92E-6,112646.76145229,6.92E-6

Coin Code,Exchange,Market,Buy,Sell,Last,Volume
ZEIT,CRYPTSY,LTC,8.7E-7,8.7E-7,1.087725115826496E8,8.7E-7
ZEIT,COINEX,BTC,0.2,0.2,1.76966501270826E14,2.0
ZEIT,COINEX,DOGE,0.2,0.2,3.0020040111351E13,1501240.0
ZEIT,COINEX,LTC,0.2,0.2,3.385180161775025E15,74.0

Coin Code,Exchange,Market,Buy,Sell,Last,Volume
ZET,CRYPTSY,LTC,0.0018,0.0018,133570.64553983,0.0018
ZET,CRYPTSY,BTC,4.299E-5,4.299E-5,6598268.38543438,4.299E-5
ZET,COINEX,BTC,0.2,0.2,3.04069724943E11,4150.0
ZET,COINEX,DOGE,0.2,0.2,1.1060345E8,5.2E9
ZET,BTER,BTC,4.099E-5,4.492E-5,889406.83,4.489E-5
ZET,BTER,CNY,0.101,0.1014,1330701.895,0.1016

